"難易度","曲名","譜面種別","レベル","1位でらっくスコア","理論値","理論値比率","DXスター","プレイヤー","達成日時","ランキング更新日時","詳細URL","取得状況"
"MASTER","7 Wonders","DX","14+","3785","3855","98.1842%","5","ＮＯＮ＊ＲＪ","2026/06/06 21:02","2026/08/24 21:15","https://maimaidx.jp/maimai-mobile/ranking/musicRankingDetail/?idx=b4b55c793297a1d3fabf72480a60db3f429e6e976037712cfc6bbbba1e0e86453a3ae6c7461dd66d94a237ae176fef612131f66d424961c1d830d5fde62f579fsuHefD9fg7N%2BsNZzFxIEQSo1glY6588bk1BwFTa5Om8%3D&scoreType=1&rankingType=99&diff=3",""
"MASTER","Aegisfortia","DX","14+","3193","3222","99.0999%","5","ＮＯＮ＊ＲＪ","2026/08/07 12:03","2026/08/24 21:14","https://maimaidx.jp/maimai-mobile/ranking/musicRankingDetail/?idx=340ff3e8656320fd70b6dbbd5893470f179514efc87fcc06f33ce117c460156acd81ae2f752805ce3bf699b8719b673ea013f12753dca3d1711d2ab1f71bad05%2FjtnpQtsea3x3vStdrarRQ2yCX3wlrB%2FW55SEy3%2BTgs%3D&scoreType=1&rankingType=99&diff=3",""
"MASTER","AMABIE","DX","14+","2771","2796","99.1059%","5","ＲｅＭｉＲｉＡ","2025/06/23 13:03","2026/08/24 21:13","https://maimaidx.jp/maimai-mobile/ranking/musicRankingDetail/?idx=c0472d7e59b66020a8a76a4e5df634ddd7c65f6a6b8d9c9f27e8471a111c02ebc5c362d39b1c54fbf2817a0d5b9a2bb03bd7f312f5387d082e0b1f2d82a2fe65tm4E2ZvloMqNJJwLx06vQ4%2B04rU7sBUWlR3Vi15UKH4%3D&scoreType=1&rankingType=99&diff=3",""
"MASTER","AMAZING MIGHTYYYY!!!!","STANDARD","14+","3339","3378","98.8455%","5","ＲｅＭｉＲｉＡ","2025/05/29 12:39","2026/08/24 21:14","https://maimaidx.jp/maimai-mobile/ranking/musicRankingDetail/?idx=acf5d3f86dc70cd5a1cb02d8efb7ea73b0693bf68f881839888ad53dc0c6e65ab6eb37dae2d0aae4d7f6fd82ec886aa58918069c049a9c803d4a1c38d827b5fb1hAXtuHrPLRtjST1dlIcA%2BPdx2ne7Dn%2FqI%2FXuK7v0VA%3D&scoreType=1&rankingType=99&diff=3",""
"MASTER","ANiMA","DX","14+","2790","2832","98.5169%","5","ＲｅＭｉＲｉＡ","2026/04/18 16:06","2026/08/24 21:14","https://maimaidx.jp/maimai-mobile/ranking/musicRankingDetail/?idx=590f115da347b7b1fd1dc4d0ac4acf452ea929d2aa5d99d3c3fa5c55e53475997f94ada56d52d6bd44653a288a369a80a994306e518a6e6173bd51330c6b18f7Oq4RoDHZ6ZpcND0EGosTRlobX6%2F31Rjd9i5htpTRaWQ%3D&scoreType=1&rankingType=99&diff=3",""
"MASTER","Åntinomiε","DX","14+","3089","3117","99.1017%","5","ＲｅＭｉＲｉＡ","2025/03/14 13:50","2026/08/24 21:13","https://maimaidx.jp/maimai-mobile/ranking/musicRankingDetail/?idx=1583c4c6cbccc6e56501eddc66da7080e361e89be16a735cecba27e873f24a6d2b7f75da34111dd1c7ef93e20f7d3961411d8d26c8e939406c8737796d8fe3b6uc6FGykWSb%2FwBQBn8HSNEG8K7sD5M%2FssHh60UhswK7Y%3D&scoreType=1&rankingType=99&diff=3",""
"MASTER","Apollo","DX","14+","3569","3633","98.2384%","5","ＲｅＭｉＲｉＡ","2023/12/09 19:42","2026/08/24 21:14","https://maimaidx.jp/maimai-mobile/ranking/musicRankingDetail/?idx=7b3ca7bb1e73ea202b891dcbe019e5fcc291cc96879680535638997d9c0457a9bd22224c25a50d655686240ea3ff77e4afad5fa9dac4790e28698846406e1280UuFovfcEqCH39x31x2Lo2iHXtde%2FBKNWlpxG60mBwpA%3D&scoreType=1&rankingType=99&diff=3",""
"MASTER","ATLAS RUSH","DX","14+","3104","3135","99.0112%","5","ＲｅＭｉＲｉＡ","2025/06/03 20:45","2026/08/24 21:14","https://maimaidx.jp/maimai-mobile/ranking/musicRankingDetail/?idx=611b1cb55c1fee0043ba08f1d4e18fc6d3a49bc7995aad5081489686a481b5537f5e7ed8579a638dee12d0acb105e70180fccb2cec18ee86319c7536a85b3920iPnTRVhWsSZqW7imHdImmpMKlVK%2BoXA9zOEul4QZyzs%3D&scoreType=1&rankingType=99&diff=3",""
"MASTER","BLACK SWAN","DX","14+","2866","2898","98.8958%","5","ＫＥＩＴＡ・∀・","2025/12/12 19:05","2026/08/24 21:13","https://maimaidx.jp/maimai-mobile/ranking/musicRankingDetail/?idx=e24ffb9e0129b9665627673fc9c95e8355264f7ad95602ac9aca2295867a9c2de8df9d97abc1353a1d9735fab35c72e7f3129d3e37416538c091f55385d0e239Fx%2BcYHS%2BDnBOxgrDJ32Fl%2FrOO4GrD5pCIjqMvORVBs8%3D&scoreType=1&rankingType=99&diff=3",""
"MASTER","BREaK! BREaK! BREaK!","DX","14+","3288","3318","99.0958%","5","ＲｅＭｉＲｉＡ","2025/06/22 19:42","2026/08/24 21:13","https://maimaidx.jp/maimai-mobile/ranking/musicRankingDetail/?idx=07d3b55cb288e94de87b9a2667e1dd5b26507c066d5843c8b7227cfe3f87af5d990b37bdda1889ec714dd527165da5ecf8ba6897c580949cd997c30ea04bddf1HD59AJhMSQTDXGqTIpn2wm9gUrSbgzcGrooq57M8X0s%3D&scoreType=1&rankingType=99&diff=3",""
"MASTER","Credits","STANDARD","14+","2173","2199","98.8176%","5","ＲｅＭｉＲｉＡ","2025/06/22 20:47","2026/08/24 21:13","https://maimaidx.jp/maimai-mobile/ranking/musicRankingDetail/?idx=0f8b8f50184e2bdf8961d37fc1bba3a323897f3e619cc88a23d81e947ce5025ee04a19a2616af6ae977a2f012be45e304b4a684b4c077101c50e1c98f76896b2q7SZRF6mxKAjbl7JMFJExeePZMBY3m29W9mHPTU9j3E%3D&scoreType=1&rankingType=99&diff=3",""
"MASTER","Cryptarithm","DX","14+","2966","2985","99.3635%","5","ＲｅＭｉＲｉＡ","2024/12/20 23:47","2026/08/24 21:13","https://maimaidx.jp/maimai-mobile/ranking/musicRankingDetail/?idx=80519c3ced64eafbdc11cc4c83c72d15f0d12f17a2619ecdc5073c54d27e90555eb3306babafea4d672a37667643be4072876fc7e2c9e04be1e4726fe255b122PUTdr7ts2kJlKek31Gmq9I730noSX6snzuhupyyUbIk%3D&scoreType=1&rankingType=99&diff=3",""
"MASTER","Customized Justice","DX","14+","3177","3228","98.4201%","5","ＲｅＭｉＲｉＡ","2025/10/16 22:16","2026/08/24 21:14","https://maimaidx.jp/maimai-mobile/ranking/musicRankingDetail/?idx=28f165faf826690af627b0b65a749d00b2e867191133686f7de350870f5f2b20b0d67edb3b1dcf230b7aa5de53c95c7fb272e9a232e13fa8ffe2062d4a1177ccT%2B58miYFCC5ycOQK28kURkem6w%2BVJNYaE3KdatiECpo%3D&scoreType=1&rankingType=99&diff=3",""
"MASTER","Divide et impera!","DX","14+","3618","3675","98.4490%","5","ＲｅＭｉＲｉＡ","2024/11/25 16:07","2026/08/24 21:14","https://maimaidx.jp/maimai-mobile/ranking/musicRankingDetail/?idx=c6dbf8a0aac5475cacc14b880e43532261d55eaeed19631c025458140916243fb33cfe6420c628320e18c7201bdf260cd7a94f42b397508e6435db5861683361VqzvSqil08Als3jYNpobVNFJ0QZgJHD59IaDw%2BResyk%3D&scoreType=1&rankingType=99&diff=3",""
"MASTER","End Time","STANDARD","14+","2799","2847","98.3140%","5","ＲｅＭｉＲｉＡ","","2026/08/24 21:14","https://maimaidx.jp/maimai-mobile/ranking/musicRankingDetail/?idx=b68617207a84a2eca224b00d9737d68ea5005f9c5693ec1f2ef59bcc741a8337c84853756b9a0468a86b83fdb84052373c2502232f49c3bbba73a72f477e2d725HhejSfuKUsugVV%2FxGtAplwsk6v3wmgAZpWPboMtuQs%3D&scoreType=1&rankingType=99&diff=3",""
"MASTER","Excalibur ～Revived resolution～","STANDARD","14+","2904","2922","99.3840%","5","ＲｅＭｉＲｉＡ","2024/06/11 20:09","2026/08/24 21:14","https://maimaidx.jp/maimai-mobile/ranking/musicRankingDetail/?idx=fbd3561685f575c04e3efa7f57497713097ed37caadae0650550aa938d1e92e6df20b73dc8bccd9616016383b6963280f3ea8908424b8e77d2f393496e720c43iRVzY2L3RVmHP9QNR%2B4tR1H3WmzT%2FIf3hyDM3J56%2BIA%3D&scoreType=1&rankingType=99&diff=3",""
"MASTER","False Amber (from the Black Bazaar, Or by A Kervan Trader from the Lands Afar, Or Buried Beneath the Shifting Sands That Lead Everywhere but Nowhere)","DX","14+","3532","3576","98.7696%","5","ＲｅＭｉＲｉＡ","2025/11/26 21:09","2026/08/24 21:14","https://maimaidx.jp/maimai-mobile/ranking/musicRankingDetail/?idx=e8d2834eddc3d88d6b028a26c175577cdb2f42a1f9048e30665a0c0a09473fd94363b1620e4c41ac18a1b33bc09078f98b6af8d5844df659667f441920950510OOr95yFPs66exSGaZRJBVRFsjodhCuvr8vY2AvO5HZo%3D&scoreType=1&rankingType=99&diff=3",""
"MASTER","FLΛME/FRΦST","DX","14+","3104","3138","98.9165%","5","ＲｅＭｉＲｉＡ","2025/05/11 15:50","2026/08/24 21:15","https://maimaidx.jp/maimai-mobile/ranking/musicRankingDetail/?idx=c0e922966d0e726992537e78271e7ec4a9bb953edd1f175179e14d71e27e15be582780ffdbb3614d965c838557cec883264b235f282db8531e2d4a19554ff541nuFOBZa2itUMqco%2F4Fn4t%2Fi6SXClv51uVvr9EWr0gMU%3D&scoreType=1&rankingType=99&diff=3",""
"MASTER","Get U ♭ack","DX","14+","2969","2997","99.0657%","5","ＮＯＮ＊ＲＪ","2025/11/07 18:07","2026/08/24 21:13","https://maimaidx.jp/maimai-mobile/ranking/musicRankingDetail/?idx=3f326b5046b1b63b8ee92056220a8b1b0f91a875e1f1bb28955f0ca6fbec2259c417b9ee14226c2fd917321d74f4ef0d6a1c26c470639fd2ac88a23e0427540bwcV%2FAxNUJPKvU%2FT8%2BRbWu3Lp%2FjQDgMLVVWQfuTV%2FTUg%3D&scoreType=1&rankingType=99&diff=3",""
"MASTER","GIGANTØMAKHIA","DX","14+","3427","3447","99.4198%","5","ＲｅＭｉＲｉＡ","2025/10/20 15:59","2026/08/24 21:14","https://maimaidx.jp/maimai-mobile/ranking/musicRankingDetail/?idx=3e80358040711fd62a7f9aec3ebd16f3f9e974b453552b781e7ca6735cebed7beb66f98af45c88de29a56df01094bb0308962a4f8e823445ff770c3142668a4b8jvEFuqQuKX2bCoBWyN52K1UnJ3P9Z7GiFyc8QoR%2BSk%3D&scoreType=1&rankingType=99&diff=3",""
"MASTER","Glorious Crown","STANDARD","14+","3394","3450","98.3768%","5","ＲｅＭｉＲｉＡ","2023/08/12 16:47","2026/08/24 21:14","https://maimaidx.jp/maimai-mobile/ranking/musicRankingDetail/?idx=fa7ddd85af4b87f248039d2e243ce1fd588b677ff1cf213bcedbfdc73585f9e08659abc6654fbf9ed8892dfcb5ecdbf21f436a263abe78085d09901235a8b289ksb0YrO5qRWQ138Vh7%2BGKyokeehIzr1%2BA3W9hABhXqU%3D&scoreType=1&rankingType=99&diff=3",""
"MASTER","Heavenly Blast","DX","14+","3458","3507","98.6028%","5","ＲｅＭｉＲｉＡ","2024/10/13 22:36","2026/08/24 21:14","https://maimaidx.jp/maimai-mobile/ranking/musicRankingDetail/?idx=a162aff3cfaf214df49c79d4c5fb2606b4e2b34493c30f401c67d90a5fb132b5b225ef2729d3b2a828dd19490ff31c0fccce2ba62e074f7ebe94efe1c579ac8eLgazQrEXOkABWfCk2lzDt0kBOLM9XOI07K4GsnVTCwQ%3D&scoreType=1&rankingType=99&diff=3",""
"MASTER","IF:U","DX","14+","2813","2847","98.8058%","5","ＲｅＭｉＲｉＡ","2024/04/13 15:25","2026/08/24 21:13","https://maimaidx.jp/maimai-mobile/ranking/musicRankingDetail/?idx=6cc3ff58a9165c0c5b506569a1cbf59140cb9a896f4cfc73f8c699563a8b25d7ed30370f8f2381ee1ad0b2ad2f45239891a59d8208cfb1ab2e6eefd9ecaaa0e2jswKVwMrVosqPbiXcWY%2Fk6z%2BBNYUJtHMkc7Bj1VABQ4%3D&scoreType=1&rankingType=99&diff=3",""
"MASTER","KHYMΞXΛ","DX","14+","2924","2943","99.3544%","5","ＲｅＭｉＲｉＡ","2023/11/09 10:39","2026/08/24 21:14","https://maimaidx.jp/maimai-mobile/ranking/musicRankingDetail/?idx=497d73b53d1edaa2d9a517af388afc2aace20a4671adcabcfcaa5d520682e541f19747d64a83250f2c69406633182dedcc28ae6574f579de07cfb8934bd1e77fMQf5wE8aXpUFUW4yGb0NKvxZMjmvEfqn8YMJFU9R1hA%3D&scoreType=1&rankingType=99&diff=3",""
"MASTER","LAMIA","DX","14+","2968","2997","99.0324%","5","ＲｅＭｉＲｉＡ","2024/12/13 18:29","2026/08/24 21:14","https://maimaidx.jp/maimai-mobile/ranking/musicRankingDetail/?idx=4dd3edd7548d00b354b1a352b81e07152851a6fa36ab6f9948f7d591d669231d4cc2af37ffb786ea305b2e7f3922a4d480eba8b0c369e1bc308f85ae095cf939%2FlO%2Bb%2BDjsI%2Bop1PF9qyZJ0IqbbKwI%2BGcZsA52nFXSUo%3D&scoreType=1&rankingType=99&diff=3",""
"MASTER","larva","STANDARD","14+","3476","3519","98.7781%","5","ＲｅＭｉＲｉＡ","2025/11/24 20:42","2026/08/24 21:15","https://maimaidx.jp/maimai-mobile/ranking/musicRankingDetail/?idx=83174f8886031a9935b6e139fca476c9ccdb650bff713333d9f61c18823db6d6e7f83767f5eda6505df42871f7064475dbebfc81a40dd320149cbcdd382f7076%2FipxCJD6W3zRPfq%2B5TIU5qLJT45tDg%2FBu4kw%2F050dLE%3D&scoreType=1&rankingType=99&diff=3",""
"MASTER","Latent Kingdom","DX","14+","4071","4113","98.9788%","5","ＲｅＭｉＲｉＡ","2024/11/16 16:40","2026/08/24 21:15","https://maimaidx.jp/maimai-mobile/ranking/musicRankingDetail/?idx=72ff29ddaa4e4be0fd4a50a5ecdb29d570e6dfac7541d6d4b12f0d9d6fc2b5583e9647e1277b9e785932d933b910395428f7811ef75a4e6766ce863472c69fadlsuFFNXcsSrdjJ8JQs3ZnE7pa0qVE7HWny1vavRjmuY%3D&scoreType=1&rankingType=99&diff=3",""
"MASTER","Lia=Fail","DX","14+","3006","3048","98.6220%","5","ＲｅＭｉＲｉＡ","2024/06/12 14:58","2026/08/24 21:14","https://maimaidx.jp/maimai-mobile/ranking/musicRankingDetail/?idx=27faf90f93623b4df5fe2c05b3744fca256d5d5a6e64dbb0bf10a64cd9f4dddfd8cedfbeb38a97bad98a17d6aa5c92493c261ac093d18df44ab2f0c7574ea4df58NUMasfCd6aFhfSzMBm%2FJMCx6CpBdZC8YeMdPDSKho%3D&scoreType=1&rankingType=99&diff=3",""
"MASTER","Metamorphosism","DX","14+","2834","2862","99.0217%","5","ＲｅＭｉＲｉＡ","2025/06/22 18:04","2026/08/24 21:14","https://maimaidx.jp/maimai-mobile/ranking/musicRankingDetail/?idx=0eb590e9bcdaadbb92d7e5a2de938b21f7c6057872782b8c6d7dfae4773c6b588c7080bc81baaa7efa63d74b24c308921f57daf047b915bedfa391419a25be4eZ%2BqLoBZdr1Bj8FIGaXxf%2FHnBtqikBzjpQK697Hq7gJc%3D&scoreType=1&rankingType=99&diff=3",""
"MASTER","mystique as iris","DX","14+","3467","3501","99.0288%","5","ＲｅＭｉＲｉＡ","2025/06/23 11:50","2026/08/24 21:13","https://maimaidx.jp/maimai-mobile/ranking/musicRankingDetail/?idx=2dadeac6edc8017e6549a7916b3c8a03c18daed6ba4af8d6f1ef07df5ee3960b51924a3038a8131308017dc9790ce6d9593ffec77a0a840cb4b14a4d53c4a7caJPwCQcX8edHZcXOFHhJyXYe4ohOZQ9dT1hcvSlCTRfM%3D&scoreType=1&rankingType=99&diff=3",""
"MASTER","Our Wrenally","STANDARD","14+","2972","2997","99.1658%","5","ＲｅＭｉＲｉＡ","2024/06/06 20:16","2026/08/24 21:14","https://maimaidx.jp/maimai-mobile/ranking/musicRankingDetail/?idx=3d26234bb73649f2c1b3f202fe8f799ce85b559c15a71d9e7d277b808eb811f870a7109c202d6ac546eb69238c5a884df785eea7adfb8ab849289aa23fae2968zCP1a3OurWpK6a%2FyQ4K5hvZmkA8ZZNSI8EDyLaO46e0%3D&scoreType=1&rankingType=99&diff=3",""
"MASTER","PANDORA PARADOXXX","STANDARD","14+","3871","3927","98.5740%","5","ＲｅＭｉＲｉＡ","2024/10/18 15:46","2026/08/24 21:15","https://maimaidx.jp/maimai-mobile/ranking/musicRankingDetail/?idx=76092867d4a785fc00d2d44d6a42b02479674eefa789268c9abfdc09852344a4466887d85bc0568a9a2e85d7c3f70895c724dcf7e3391d3928a5d34862a15c59H4cc422oR1fZWFFMR29M6UwAH0mFmTlioyv3J0zgrwY%3D&scoreType=1&rankingType=99&diff=3",""
"MASTER","Prophesy One","STANDARD","14+","3157","3204","98.5331%","5","ＮＯＮ＊ＲＪ","2026/06/02 21:11","2026/08/24 21:13","https://maimaidx.jp/maimai-mobile/ranking/musicRankingDetail/?idx=211593b5a11b01f1efec9e3406ae43f48606256f232aba54da3b86f960b23e78e750ef6e0d9cf55a25fdc35cba0dd0b5dfe89651ab2ab99bbc40a904a0130bcdjgLDtKm59BLDfJowKDM2EOGtjjZuwN%2FwKX8GWz0NODY%3D&scoreType=1&rankingType=99&diff=3",""
"MASTER","QZKago Requiem","STANDARD","14+","3292","3315","99.3062%","5","ＲｅＭｉＲｉＡ","2025/07/10 12:37","2026/08/24 21:14","https://maimaidx.jp/maimai-mobile/ranking/musicRankingDetail/?idx=d908745e5553ca7d57fc7ead12d15cd623b6119bac362b270e228eed0630ba3338c95eaa1e343b5b0e076b4f8bae4aebbc8b26de69073fa6b1b1d9a20b2bd10fQ50UnOu%2B1hkA2fw5Oe8asRgHZnPThpDBEv1m2FaFOW8%3D&scoreType=1&rankingType=99&diff=3",""
"MASTER","ℝ∈Χ LUNATiCA","DX","14+","3276","3309","99.0027%","5","ＲｅＭｉＲｉＡ","2024/08/03 21:32","2026/08/24 21:15","https://maimaidx.jp/maimai-mobile/ranking/musicRankingDetail/?idx=1a264f9d0b1fb7688bf1495b9c0f1a31fbef940b774d1d914041721e973e07ab1626f058c1e472ee7fe609613a8a9830038ec59df4789ef83abd493636cdc346CUR6RjaAyJ5D5BiBqytRoU%2Ff%2BMhO0xZYGzHK0dEJjtQ%3D&scoreType=1&rankingType=99&diff=3",""
"MASTER","raputa","DX","14+","3887","3948","98.4549%","5","ＲｅＭｉＲｉＡ","2025/06/16 12:50","2026/08/24 21:15","https://maimaidx.jp/maimai-mobile/ranking/musicRankingDetail/?idx=c62be98f240b1fa577ae8ef5c58ceb834e5750d5e7e6a73a5828605a8c5dbc55422916836db56bd316ee7a34f3d1910b3d7fe09660b0a2bbc4b8c63770f3bb12cjujx63SPsU6IHXAa%2FbN6hOK%2B7AWbKmE0BHztfH6RHU%3D&scoreType=1&rankingType=99&diff=3",""
"MASTER","Re:Unknown X","DX","14+","3532","3567","99.0188%","5","ＲｅＭｉＲｉＡ","2025/04/25 20:56","2026/08/24 21:14","https://maimaidx.jp/maimai-mobile/ranking/musicRankingDetail/?idx=d4453a39b8d75adda9eb669c3083a54d05b551d76da8c95c54eec206d41814341089fccd54a9255ba148168e40bb679bdd1a3ab47e32a1658ee17f9a36e32137%2B3xpMg1dzvtJ5XeonxUq3RnUE%2BSErtbJBcc7cUzbS%2Bk%3D&scoreType=1&rankingType=99&diff=3",""
"MASTER","Regulus","DX","14+","2961","2997","98.7988%","5","ＹＯＳＨＩ☆ＮＸ","2026/02/19 14:33","2026/08/24 21:14","https://maimaidx.jp/maimai-mobile/ranking/musicRankingDetail/?idx=e9e7120d232e9ea24ac96e3a47f1016c0782334d1220a5c1d52c5624723d239aa1c05fe8e4d5f3d29e3f982ca942cbfb6841a4c3fa5eba58182dc156ca258d43C7589wgIlriplv%2Fb%2BREfrmgROatUJFQOgZJMNMcOJz0%3D&scoreType=1&rankingType=99&diff=3",""
"MASTER","SILENT BLUE","STANDARD","14+","3198","3258","98.1584%","5","ＲｅＭｉＲｉＡ","2023/01/19 20:54","2026/08/24 21:14","https://maimaidx.jp/maimai-mobile/ranking/musicRankingDetail/?idx=c744ff76d9b3efbed5af6a1568e79a3aad0a705ea4f7b61d0290e8129409294fd47c1205c10bb0c29769bbd1f826683b6bed572d4a5fedb856538af42bd9b2201hezWpM0cOm1DK2rqKP6fuCWkyyzCjB1ScB39usUN%2Fg%3D&scoreType=1&rankingType=99&diff=3",""
"MASTER","Sky Trails","DX","14+","3129","3156","99.1445%","5","ＲｅＭｉＲｉＡ","2026/02/09 13:35","2026/08/24 21:14","https://maimaidx.jp/maimai-mobile/ranking/musicRankingDetail/?idx=b8ace8f48e696e99431999256c040a9fc3df1c349c09d571be803da8bc377e73f626706da6a524789c3aeb170a8fee2fbd3d64b0ffe3c11bb43119d3b2303c97u5XBpgwmZalS5yH35ffYOQEUoqFr3ZczEjKokS0%2Fm%2Fo%3D&scoreType=1&rankingType=99&diff=3",""
"MASTER","sølips","DX","14+","2880","2919","98.6639%","5","ＲｅＭｉＲｉＡ","2023/10/30 16:51","2026/08/24 21:15","https://maimaidx.jp/maimai-mobile/ranking/musicRankingDetail/?idx=5a8b3ce9788bd16a59dc357db3d8b3fa657aacc628b43773dccc914c35f14b0ca7b5551c0e6865618f835d7452e7851c06aa3dd8db47b77e72438e1268f507dczfU99MH8rj7OM4NFMaYfbIdc8fQ794VgQ6jZpJL%2FXXA%3D&scoreType=1&rankingType=99&diff=3",""
"MASTER","Straight into the lights","DX","14+","3302","3333","99.0699%","5","ＲｅＭｉＲｉＡ","2024/05/26 18:37","2026/08/24 21:14","https://maimaidx.jp/maimai-mobile/ranking/musicRankingDetail/?idx=5e95556691067e959d95508c5a2739a33907cdbe448f011b2ff72b805036c9ec924d580bf5e76f2d2183b5edc3d91c40c7b2035ab75a9d1d49b9df733346a29bgekd2%2B%2B5N4y6DN1LbFnxV3GBEjJ%2FzQkIHIUmUMRwhaE%3D&scoreType=1&rankingType=99&diff=3",""
"MASTER","TEmPTaTiON","DX","14+","3301","3345","98.6846%","5","ＲｅＭｉＲｉＡ","2024/07/23 20:11","2026/08/24 21:14","https://maimaidx.jp/maimai-mobile/ranking/musicRankingDetail/?idx=1f13b680c76abec74219df1eb9bf501dd7e470b15fa6c98f516fb0451ce9feed53e51997561e9a25d8dd561ce0c2ce86588f99a1b6b4c5693214876108ec5e92nw5M66bTc1SJMHFnNlfU5fMhN2hplrqZoCQaFH5fCjk%3D&scoreType=1&rankingType=99&diff=3",""
"MASTER","the EmpErroR","STANDARD","14+","3133","3171","98.8016%","5","ＲｅＭｉＲｉＡ","2025/01/03 21:06","2026/08/24 21:14","https://maimaidx.jp/maimai-mobile/ranking/musicRankingDetail/?idx=8e1c3c47746df694b77ed91d4234646fd45f2056920f9ad78bc8bf8b24073ea42a2a8865b77c1090cc7c458e6512b09856c31746fe2dedcfdfaca4c40312df3eFk%2BupPjXTOPK8tjSvg%2FV%2Fno8p2o7GnrLAHNkFgIAw8o%3D&scoreType=1&rankingType=99&diff=3",""
"MASTER","TiamaT:F minor","STANDARD","14+","3334","3366","99.0493%","5","ＲｅＭｉＲｉＡ","2025/06/15 19:05","2026/08/24 21:14","https://maimaidx.jp/maimai-mobile/ranking/musicRankingDetail/?idx=6df73bbe15844a824f59d02405d34ecb13d4505ffa43ea53c4170d8bb1fc9c6d6a43e9630b77c5625c0a73b00e8a6b5725098c4b5408c73d1c6e5d2c949085be2CiUfGslxzc6YEhT5FnFka3p9wAUAnFZjzC6MY0%2Bs7I%3D&scoreType=1&rankingType=99&diff=3",""
"MASTER","Titania","DX","14+","3062","3093","98.9977%","5","ＲｅＭｉＲｉＡ","2026/01/18 03:12","2026/08/24 21:14","https://maimaidx.jp/maimai-mobile/ranking/musicRankingDetail/?idx=1c05118850e83fd73595346cf9f0f9cd8d90dcb961c54cd79e16b9b5f030c34d854d96d0c33ec58a81a1bfae968bd222aece82f9b1ce5f9a6c933144ceb773c071Pi9BldKd9njoix%2Bf42MN%2BaLYnAJEFKwTGaqfWhsOQ%3D&scoreType=1&rankingType=99&diff=3",""
"MASTER","Valsqotch","DX","14+","3554","3582","99.2183%","5","ＲｅＭｉＲｉＡ","2024/04/27 19:04","2026/08/24 21:14","https://maimaidx.jp/maimai-mobile/ranking/musicRankingDetail/?idx=f204e7607a55ab90aef97c89394bb435652b1de5f18cf57343ec512a469d233c27af5aa8d22a7eabda0af6d48c6028a7e6e86a3239380e1a5b27aefe46a6246bcb4wWo39mRDCJZEy6Be4Nv1oQG6nuF6XHRpBkx0jF1Q%3D&scoreType=1&rankingType=99&diff=3",""
"MASTER","VeRForTe αRtE:VEiN","DX","14+","3140","3192","98.3709%","5","ＲｅＭｉＲｉＡ","2023/07/09 03:00","2026/08/24 21:14","https://maimaidx.jp/maimai-mobile/ranking/musicRankingDetail/?idx=82c9add165f42cf37317b909066aa79a19e85182268c06c6c651260302ab647fa1ff43dfb7feaeb3c0bd7c8108c57b075931bd3b55f54c6095b5fff0483f0f50akinUjqTIU1XtWbbnPAosV4s7i1%2FzpZVjV8M9VE4fRY%3D&scoreType=1&rankingType=99&diff=3",""
"MASTER","VERTeX","STANDARD","14+","2638","2664","99.0240%","5","ＲｅＭｉＲｉＡ","2024/07/19 11:32","2026/08/24 21:14","https://maimaidx.jp/maimai-mobile/ranking/musicRankingDetail/?idx=8fef02bd7977d8c29dc814de6dab14c03a0aa4f0cec2d5e799eb89894a416e2c24458a63e47600c58ef4ae92cebd70358a990e50e439fd3ce2893b11c0643441EVPhhw0iuoL19FR3WCHjrUOx%2Bs6FblYfTOIeca3itzM%3D&scoreType=1&rankingType=99&diff=3",""
"MASTER","VERTeX (rintaro soma deconstructed remix)","DX","14+","2782","2808","99.0741%","5","ＲｅＭｉＲｉＡ","2024/02/23 18:25","2026/08/24 21:13","https://maimaidx.jp/maimai-mobile/ranking/musicRankingDetail/?idx=fb283238581a786f40ce857dde9d4ca9e875d298ee81bbd5d7b2a14408f0b0c383fd14729375186c5f8ab5962afb0bf47da3c815c8ad8d536615e74edf00f4cecpUMPa6LddEHEyCMd4kn5Jq7rYior5TkUrw59slFqDA%3D&scoreType=1&rankingType=99&diff=3",""
"MASTER","VIIIbit Explorer","DX","14+","2960","2997","98.7654%","5","ＲｅＭｉＲｉＡ","2024/12/13 19:54","2026/08/24 21:14","https://maimaidx.jp/maimai-mobile/ranking/musicRankingDetail/?idx=4a1bc4893115e2fc620bf54029b84df8b92543a666f626f86192e9cae0d52d523a39370208b3878a123efebb854ce075165ee064231dbe8503c29e4a9d50aa66RGHM0qLetc7i5Rse%2BhZSwKuPbuiHWJpewaLcbzj8wog%3D&scoreType=1&rankingType=99&diff=3",""
"MASTER","ViRTUS","DX","14+","3187","3189","99.9373%","5","Ｃｈａｎｄｅｌｉ","2024/12/16 16:30","2026/08/24 21:13","https://maimaidx.jp/maimai-mobile/ranking/musicRankingDetail/?idx=17c8ea5020b3eddc8afaae940e87dba8b5f13e4b6cee1702526a3b52d2d36132c320326e3db01cf25d19063102d2eceac219a46764d86d4a0e3030a09c6d72e22qbxJz%2FtiNmOqDCZLMMB576zdTE8JRPOVLamiLBBuQI%3D&scoreType=1&rankingType=99&diff=3",""
"MASTER","WiPE OUT MEMORIES","DX","14+","3286","3315","99.1252%","5","ＲｅＭｉＲｉＡ","2022/11/02 11:34","2026/08/24 21:14","https://maimaidx.jp/maimai-mobile/ranking/musicRankingDetail/?idx=dd94de4e089cfd61242d83a52707e48a5d8f6ee483fdca0a7e38ccaedc6029d47812237d7731306e85ab6e8b2831a9250e86b7ffe749d56943350391b7554313G6iybHgROcsDD0OPURLBSAs25yuEnakTVI1WezuU%2BuQ%3D&scoreType=1&rankingType=99&diff=3",""
"MASTER","World's end BLACKBOX","DX","14+","3901","3966","98.3611%","5","ＲｅＭｉＲｉＡ","2025/08/31 17:20","2026/08/24 21:15","https://maimaidx.jp/maimai-mobile/ranking/musicRankingDetail/?idx=f4de54adc8e5f68a922c16ee8946c85a17bd9c11c8e9e231f77ce58725043280e3144e3e98014afaa61cf4c5d60f0f721f94beea99f6cdbb5a29edddf04a6e03YinUrvNiPhWiOgGr69To1cIozahMrSKCk7KQBFuy4yM%3D&scoreType=1&rankingType=99&diff=3",""
"MASTER","World's end loneliness","DX","14+","3666","3702","99.0276%","5","ＲｅＭｉＲｉＡ","2025/06/25 18:00","2026/08/24 21:15","https://maimaidx.jp/maimai-mobile/ranking/musicRankingDetail/?idx=c5bb33b4ce479570ea69365331c62c1b6cf7f972da886be2b11183fb4bfa85d80aece7fc26b73503c64cacd349a2201303241fcafb6bf57fc565ffa78d7a8e743q3hY3h5Lr8rRtWmidWncA%2FFwYY0PHUT7NMG7%2Fz6taM%3D&scoreType=1&rankingType=99&diff=3",""
"MASTER","Xaleid◆scopiX","DX","14+","6457","6543","98.6856%","5","ＲｅＭｉＲｉＡ","2025/09/17 14:52","2026/08/24 21:15","https://maimaidx.jp/maimai-mobile/ranking/musicRankingDetail/?idx=c238a04f379b3198927d704ccdb2aed843b6a2560be85eb279b7149e18f636cdf9db0927edabf8947cbbdc9b5fc5d3fcc8fd794573694509112cd4adc3bd9deaDAAqQM2wt7%2F4IwIHA%2FhJYOSfiXjR%2B%2FOGMS%2FUB8qSBFA%3D&scoreType=1&rankingType=99&diff=3",""
"MASTER","Yorugao","DX","14+","2836","2862","99.0915%","5","ＲｅＭｉＲｉＡ","2025/07/07 14:24","2026/08/24 21:13","https://maimaidx.jp/maimai-mobile/ranking/musicRankingDetail/?idx=feb03ad64f28b4c833362d1e557307fa59ab40e14c80bb10e85c84bc1def9dc085feb8ec7194022fd939dca0632b790f9d6444951d3dd675629d8131e3794d1biyZisLdDSQjHtRIcg9psGeZvQpQXRJerr8sQKLhtyEY%3D&scoreType=1&rankingType=99&diff=3",""
"MASTER","ガラテアの螺旋","STANDARD","14+","2553","2577","99.0687%","5","ＲｅＭｉＲｉＡ","2025/06/07 15:43","2026/08/24 21:13","https://maimaidx.jp/maimai-mobile/ranking/musicRankingDetail/?idx=2afb86a8edc7a8d9000b36a2ff18a6eed407c7e7b97330a37576f7c3155ed004028b1c307b63fa24732507e8c7b17a99419aa275eeb0265a3998bde7109a5c23yYnaBhUR4ILE1opz9rH4VMFQIDI5TqCUooT2j1V0Y18%3D&scoreType=1&rankingType=99&diff=3",""
"MASTER","ジングルベル","DX","14+","2766","2787","99.2465%","5","ＲｅＭｉＲｉＡ","2022/12/23 15:15","2026/08/24 21:13","https://maimaidx.jp/maimai-mobile/ranking/musicRankingDetail/?idx=42699a3c8361f42a1d788265a30c6b162f2cd3b9ad393ba7144096475acb0cedeab115959a2b7fb836ff25175f897f7f623163841610d8f611938ba4c1bd3e99gVKSSq5l9dCjFNxk03y%2BtPu%2BZFwyWI3QTn3gl%2BcYlqg%3D&scoreType=1&rankingType=99&diff=3",""
"MASTER","チューリングの跡","DX","14+","2851","2868","99.4073%","5","ＲｅＭｉＲｉＡ","2024/04/07 17:07","2026/08/24 21:14","https://maimaidx.jp/maimai-mobile/ranking/musicRankingDetail/?idx=ec1f4c9d795f43864a1acd1780a6c56d01fa918f21eaabc2120ad1ce943d06666b0bd7bbd7841dc84f4abb885bb776608a0cf2bb841d82fdcfe38ea52fcda28erlHrWFgTLVvyV%2FaaXfTRuAq1PSNEJ0Z4M9FtxX3HK5A%3D&scoreType=1&rankingType=99&diff=3",""
"MASTER","ラストピースに祝福と栄光を","DX","14+","4143","4197","98.7134%","5","ＲｅＭｉＲｉＡ","2025/12/05 19:02","2026/08/24 21:14","https://maimaidx.jp/maimai-mobile/ranking/musicRankingDetail/?idx=1134c3357955f51cc24d7e8c3464e28ca7b33988ac7c5b9f439f97596a240c9a11dd80e452bc653a6c40c7004e9b067964d2e54cb631311ff7d41f7bf1451f22vom7Lfw4wCHG8pun04WchDNVQ7Hce7w0o0jn7yI5SJQ%3D&scoreType=1&rankingType=99&diff=3",""
"MASTER","雨露霜雪","DX","14+","3602","3633","99.1467%","5","ＲｅＭｉＲｉＡ","2025/04/16 22:59","2026/08/24 21:13","https://maimaidx.jp/maimai-mobile/ranking/musicRankingDetail/?idx=e54398e03550009fdecd212212bcadb008d4cd2d22881f8e95f32f2629ade7f705387e44c3f28386327331a8946374c5d83aa2fe04029519bbb30e9c831c7b48N4silX4VEDpI2Xy9W85oc6QYzHqqpQki6FAfXlUEdLw%3D&scoreType=1&rankingType=99&diff=3",""
"MASTER","渦状銀河のシンフォニエッタ","DX","14+","3613","3642","99.2037%","5","ＲｅＭｉＲｉＡ","2025/04/20 01:13","2026/08/24 21:13","https://maimaidx.jp/maimai-mobile/ranking/musicRankingDetail/?idx=19a98a604a55e70d213d4f4ccd3c1a9d9338da71a9347d27346ea92064e442fb62b875aaabd0da468f66bfdc38577e3651228cc4a843281bcea93e3c7237f411ruCz%2FqEIBqlCSrVBuEng3Y8f4i%2BwDZloCMHtuZ2tvW4%3D&scoreType=1&rankingType=99&diff=3",""
"MASTER","躯樹の墓守","DX","14+","3074","3114","98.7155%","5","ＲｅＭｉＲｉＡ","2025/02/26 23:46","2026/08/24 21:15","https://maimaidx.jp/maimai-mobile/ranking/musicRankingDetail/?idx=30bec258622bac25d306ede83322b30302ba8a5654d31241c4e411da0dc4ec6b3fd0b7aac6f29f585170a5d5a2a5d852cfaad147c82c0b11185012330c80e22b4nWAlA58uvXWR%2FvPfwWxU8ekjsdBp61%2FZLMYQp1vSpc%3D&scoreType=1&rankingType=99&diff=3",""
"MASTER","系ぎて","DX","14+","3545","3600","98.4722%","5","ＲｅＭｉＲｉＡ","2024/12/31 22:14","2026/08/24 21:14","https://maimaidx.jp/maimai-mobile/ranking/musicRankingDetail/?idx=7497c909912e41ff6f91a12ba87fef13725a573032fc69636f5106c966d526cdfcb8d99e6feca3d5e4e6ccef6b4669521edc92c9dda7a0159b95bccaa5871b3eGq9vzk7Hrb845SbWsI%2FkoIxcyujAYi4208DHOqjAjlE%3D&scoreType=1&rankingType=99&diff=3",""
"MASTER","康莊大道","DX","14+","3346","3387","98.7895%","5","ＲｅＭｉＲｉＡ","2023/11/22 19:52","2026/08/24 21:14","https://maimaidx.jp/maimai-mobile/ranking/musicRankingDetail/?idx=d663a2b31f8c97dbd78c80503e1cc8b01974d8913ef416b33d104c43e444830b2eed35e9f439242aa5a1638fa913e01089771e2857143ef69e6e5ef93d5892d6s8QxxxkCbugKmosnKjh%2BcHrqVxYkr57Ra7CFLeAEuhQ%3D&scoreType=1&rankingType=99&diff=3",""
"MASTER","神威","DX","14+","3757","3789","99.1554%","5","ＲｅＭｉＲｉＡ","2025/01/20 14:06","2026/08/24 21:13","https://maimaidx.jp/maimai-mobile/ranking/musicRankingDetail/?idx=7cad4c674e2cb6eb448b92282d833652a363fcdb166dc07e5d64dcd0c9dac4fbbafee62b111c798adbb0f67991af639640b2b755c8fe8ee69e1ed688cb95031eM3I%2FmczOwE7DubLeyl10bsWxqRAbXXG%2FEZvIuwE2qmY%3D&scoreType=1&rankingType=99&diff=3",""
"MASTER","宙天","DX","14+","3126","3174","98.4877%","5","ＲｅＭｉＲｉＡ","2025/06/03 21:48","2026/08/24 21:15","https://maimaidx.jp/maimai-mobile/ranking/musicRankingDetail/?idx=8ea9e20f57d89c8aa3920c4d9ee7fd8b4fac1a72bab5746b07784b3e87a95d45cecb58cca22d0c28ad8483098cb6b1f64b3f5b03ba9f632c91d7cc27fd23c47bzHHONaiKgINYfUxXUYTisDvypWKzQ0zvx3o41O7SNQQ%3D&scoreType=1&rankingType=99&diff=3",""
"MASTER","超熊猫的周遊記（ワンダーパンダートラベラー）","DX","14+","3090","3123","98.9433%","5","ＲｅＭｉＲｉＡ","2024/07/23 20:46","2026/08/24 21:13","https://maimaidx.jp/maimai-mobile/ranking/musicRankingDetail/?idx=cfe3727084f56a656373081061118a9cb44debe1055a09983f8701c652ddbc77fe4e563eb0d4baeb7aa62f8df91da48631fee85e40f8f733f83ad9ab5513776eKimpWAwuDy%2Fa2Ou0U2ATuZqJEE22YVpn2aGXRCAO52g%3D&scoreType=1&rankingType=99&diff=3",""
"MASTER","怒槌","STANDARD","14+","3537","3564","99.2424%","5","ＲｅＭｉＲｉＡ","2024/12/09 22:08","2026/08/24 21:15","https://maimaidx.jp/maimai-mobile/ranking/musicRankingDetail/?idx=a31c3adc67ec7e2a7812190c1bef0eda63103b7c421db693f0356cff56d5480c5e3ea7dab66798b6d42e1a409c1936864e65d67c7ffbfee7b73cfb316e9b8a257kqAoXeI57TpurmN9u1NkdKktDrdtsVoVoXc3D4peOc%3D&scoreType=1&rankingType=99&diff=3",""
"MASTER","脳天直撃","DX","14+","3832","3888","98.5597%","5","ＲｅＭｉＲｉＡ","2021/12/14 20:08","2026/08/24 21:14","https://maimaidx.jp/maimai-mobile/ranking/musicRankingDetail/?idx=522f7dbdfa1bc17b875dd37374a170d6aabda403a0762c5e29298066b122653504eb217022de732266785be0c16555bdb53b77ec148ffb8d2753323439b4d160qbgclpR%2Fn2yDk4Ic2JSj6RvFT8rF9I7eriq%2BGEAExvI%3D&scoreType=1&rankingType=99&diff=3",""
"MASTER","氷滅の135小節","DX","14+","3340","3375","98.9630%","5","ＲｅＭｉＲｉＡ","2025/06/19 22:47","2026/08/24 21:15","https://maimaidx.jp/maimai-mobile/ranking/musicRankingDetail/?idx=c0dcdf340bb857faf1841fadb91885ad9a5b4305791c1fdf22b74fcd9ba9eb2ca6b046e601f40b0d6f1d9beef7a03136f39fe46f27e54f1d6312d4bf3e1196ebs3nRr0rIsDoqoqAIUad2kd%2BtCvh3uwVTthKPI5k4htw%3D&scoreType=1&rankingType=99&diff=3",""
"MASTER","封焔の135秒","DX","14+","3259","3276","99.4811%","5","ＫＥＩＴＡ・∀・","2026/08/05 15:44","2026/08/24 21:15","https://maimaidx.jp/maimai-mobile/ranking/musicRankingDetail/?idx=8e82be34e47f6639b1ca3b030582ef8dabe3c7d1adbbb8addf07641951e31e6f1795ac9086b5099fa2ede5d0fdb40ff162402125d9ab3ded9ce7e156ff673413Nxk4j8Bil2JhfzC9EB3jwQSfUhZd3ps3HgXr8DNXyno%3D&scoreType=1&rankingType=99&diff=3",""
"MASTER","雷切-RAIKIRI-","STANDARD","14+","3512","3570","98.3754%","5","ＫＥＩＴＡ・∀・","2026/01/09 19:36","2026/08/24 21:13","https://maimaidx.jp/maimai-mobile/ranking/musicRankingDetail/?idx=cda3cf53b7ad66d065cce05e458c095ebca97c961fd1439f996203f18f2dc087a5d164c732cdb1b5fb2634b9662566dcdd80efb2ce7f58f9bd0fc4686a770e33k7y9NxgkfqRD5RQODjifWCzUqS79BQ%2B3ZKkxnqsbf44%3D&scoreType=1&rankingType=99&diff=3",""
"MASTER","零號車輛","DX","14+","3378","3429","98.5127%","5","ＲｅＭｉＲｉＡ","2026/01/23 14:25","2026/08/24 21:13","https://maimaidx.jp/maimai-mobile/ranking/musicRankingDetail/?idx=b69b912e04b21da442dd70d2ad3f9332ad477a0ea960de67052b23525d3073859b5d6a1bb877716bd2acce48418b08a4d86131aa7943a80b2da12b767f413958%2FXkcIsOLwhXsqNzRMh8cx80EiOwiRhJpD4UJMlYflQU%3D&scoreType=1&rankingType=99&diff=3",""
"MASTER","Λzure Vixen","DX","14+","3832","3867","99.0949%","5","Ｒｉｆｗｉａ","2025/07/03 12:22","2026/08/24 21:14","https://maimaidx.jp/maimai-mobile/ranking/musicRankingDetail/?idx=bfa631f0d577c881e6346378ed3da5f2e5f20cb12d93021914a5ace5870c99b09bb4a8643419b8dced0e02b3f6615126c23f76fd64d02fb55169ff812333bb87zq75Sf2v%2FnGYRAV9Yib9GAb%2FXXdaE5Iv9oSPVd2rmmI%3D&scoreType=1&rankingType=99&diff=3",""
"Re:MASTER","Alea jacta est!","STANDARD","14+","3348","3411","98.1530%","5","ＲｅＭｉＲｉＡ","2023/07/13 23:34","2026/08/24 21:15","https://maimaidx.jp/maimai-mobile/ranking/musicRankingDetail/?idx=9a04bec6777b9f31e0df567bedb01a409569c5fccd24a377d8945d7cb61a23e6a6e148bbc51d01ad9330f1b6e04694a13c4d3b9c5cb2fc02baf913fa4a410c4bi1rhO2aIZQiLL%2BF6JkGNuQuR%2Fxjtc%2BU1zGrPHGXuYUI%3D&scoreType=1&rankingType=99&diff=4",""
"Re:MASTER","Fragrance","STANDARD","14+","1951","1965","99.2875%","5","ＲｅＭｉＲｉＡ","2025/01/02 22:31","2026/08/24 21:15","https://maimaidx.jp/maimai-mobile/ranking/musicRankingDetail/?idx=e640fa29efb62c9ffd51e9417cfffa8ca22627010c962c82d7124731c93566cac81ee8fb7db1ab40d4cf7e94586c2c0fd92fb24cb56c9055807d27c3b73c9199eJsUB%2Frzq8UeC2KO2huGSg1jWR%2B9dy0%2FG7jcbOrA34o%3D&scoreType=1&rankingType=99&diff=4",""
"Re:MASTER","Garakuta Doll Play","STANDARD","14+","3002","3030","99.0759%","5","ＲｅＭｉＲｉＡ","2025/04/10 21:45","2026/08/24 21:15","https://maimaidx.jp/maimai-mobile/ranking/musicRankingDetail/?idx=d1efe29051f13d24c0fe81b60ca27f74e867760485d73b85a8e5fd5b69fad99638da772bb32576b64e60e5a91aa71ad92bb52ea214c8f40bdeb46c8cd3f33ff8lgcxoaXWqNrnA8gpdSqFknyMhwdmkaBrJXoy6vwm7S4%3D&scoreType=1&rankingType=99&diff=4",""
"Re:MASTER","In Chaos","STANDARD","14+","2588","2640","98.0303%","5","ＲｅＭｉＲｉＡ","2023/07/12 21:45","2026/08/24 21:15","https://maimaidx.jp/maimai-mobile/ranking/musicRankingDetail/?idx=b7ca3cb37bd829cf9f0154f80c632e9c17b081619d97475f65296e623da9cda6af0fea42809f3f07f08634e09ccd66c772b6a9b7c1b0f2fe753b529e051abf15g1Q07LrjxkjLq1XRzrs0pzKlpD615pZIlBc2KFm5olw%3D&scoreType=1&rankingType=99&diff=4",""
"Re:MASTER","QZKago Requiem","STANDARD","14+","3510","3543","99.0686%","5","ＫＥＩＴＡ・∀・","2026/06/18 19:48","2026/08/24 21:15","https://maimaidx.jp/maimai-mobile/ranking/musicRankingDetail/?idx=e05f1c269cb17217e888ed9d19d714a46905552ae6ee0600a09f162179d038c90561f98d0060bf52e02b3c886b82544ffdb737a0992a9059e07cc9ed4fb6e379YANqPdMc9ElgHe0QiTEpSNGX2BJxnCvr0mB659p3oXI%3D&scoreType=1&rankingType=99&diff=4",""
"Re:MASTER","Schwarzschild","STANDARD","14+","2573","2625","98.0190%","5","ＲｅＭｉＲｉＡ","2023/07/09 19:13","2026/08/24 21:15","https://maimaidx.jp/maimai-mobile/ranking/musicRankingDetail/?idx=b62380134217f38074d88fbdc7e9f535884e2001ea0ab0bc9e952a7abe16f495beb80a0132490ed69e0d1dd4b1dd13381b44ae343ad3a0da5fefdbe6f19b144esKX3Ja0GhG2O3NfcSii6ml8YKR4YBP9t9tHnA9whquk%3D&scoreType=1&rankingType=99&diff=4",""
"Re:MASTER","the EmpErroR","STANDARD","14+","3136","3171","98.8962%","5","ＲｅＭｉＲｉＡ","2024/12/23 21:33","2026/08/24 21:15","https://maimaidx.jp/maimai-mobile/ranking/musicRankingDetail/?idx=94f8fdaffc1f15be1a33a1bdc92030722f58a493260b7cb3142b366e5dfb5d4514eb148b99ac7d09a05ddac677cc5de95107c2ffb45d37508ed4d152b9bbff36AB8Hc%2BDN8mJV5DhYHCGIop4EjRAiq0fGNOEZ2XqUU84%3D&scoreType=1&rankingType=99&diff=4",""
"Re:MASTER","ガラテアの螺旋","STANDARD","14+","2660","2697","98.6281%","5","ＲｅＭｉＲｉＡ","2024/07/30 18:26","2026/08/24 21:15","https://maimaidx.jp/maimai-mobile/ranking/musicRankingDetail/?idx=d8a00252284be91487ef01a2ffbe2a8d576ab8cbab168d0b03cc97b8a6747b23a418a61d5388cea8a666d1902f7c9b1e6cc9375874cc32fd250c35297cdfe5d1MTYxlhWe%2Bm51XKDnKvUULqEPrcQjTcTj80Eg0xcREww%3D&scoreType=1&rankingType=99&diff=4",""
"Re:MASTER","源平大戦絵巻テーマソング","STANDARD","14+","2149","2166","99.2151%","5","ＲｅＭｉＲｉＡ","2025/01/02 21:18","2026/08/24 21:15","https://maimaidx.jp/maimai-mobile/ranking/musicRankingDetail/?idx=355fad5191fcc4f9010c977209d40d89e553be0064a5db49007c4119ea72c2792c1547cdb48eef6dc0eda674dc63c51682ca9624be2b9d2a26b850296c82571eXdAvgxw%2FNceVABMOhzweZXCqru4hFCFB4UGdgK0RRtQ%3D&scoreType=1&rankingType=99&diff=4",""
"Re:MASTER","雷切-RAIKIRI-","STANDARD","14+","3431","3501","98.0006%","5","ＲｅＭｉＲｉＡ","2023/06/17 18:07","2026/08/24 21:15","https://maimaidx.jp/maimai-mobile/ranking/musicRankingDetail/?idx=b692e2b86539acd752ca10e89aeb07c6a10328542c9fc746ecc95f93912dec4eb7e19e64ae7667c0e6e71d55b45ffee803c3392a2930adf3d42b58ac369ddcafeeu404YKUnrJZGtCha43nm98b6qOZJCDs2aZDQjaK%2B0%3D&scoreType=1&rankingType=99&diff=4",""